en,vi
Erich,Erich
Belgorod,Belgorod
Bruno,Bruno
Mukden,Phụng Thiên (Mukden)
Saint Petersburg,Saint Petersburg
Tsaritsyn,Tsaritsyn
Heinrich,Heinrich
Alya,Alya
Kaiser,Hoàng đế (Kaiser)
Stasi,Stasi (Bộ An ninh Quốc gia)
Okhrana,Okhrana
Major von Humboldt,Thiếu tá von Humboldt
Reich,Đế chế
Franz Ferdinand,Franz Ferdinand
Habsburg Dynasty,Triều đại Habsburg
Kingdom of Serbia,Vương quốc Serbia
August von Mackensen,Thống chế August von Mackensen
Heidi,Heidi
Eva,Eva
Leon,Leon
Đức,Đức
Serbia,Serbia
Nga,Nga
Áo-Hưng,Áo-Hưng
Pháp,Pháp
Anh,Anh
Sarajevo,Sarajevo
Black Hand,Bàn tay đen (Black Hand)
Wilhelm II,Hoàng đế Wilhelm II
Butcher of Belgrade,Đồ tể thành Belgrade (Butcher of Belgrade)
King Carol I,Vua Carol I
Franz von Hipper,Đô đốc Franz von Hipper
John Jellicoe,Đô đốc John Jellicoe
Kaiserliche Marine,Hải quân Hoàng gia Đức (Kaiserliche Marine)
High Seas Fleet,Hạm đội Biển Khơi
Grand Fleet,Hạm đội Lớn (Grand Fleet)
SMS König,Tàu SMS König
He 51B-2,Thủy phi cơ He 51B-2
Erwin,Erwin
Svetozar Boroević,Svetozar Boroević
Archduke Franz Ferdinand,Đại vương công Franz Ferdinand
Feldmarschallleutnant,Trung tướng Thống chế (Feldmarschallleutnant)
Generalfeldmarschall,Thống chế (Generalfeldmarschall)
MP-05 / MP-34,MP-05 / MP-34
Stahlhelm,Mũ cối thép (Stahlhelm)
Feldgrau,Xám dã chiến (Feldgrau)
Adrian Helmet,Mũ Adrian
Isonzo,Isonzo
Ý,Ý
Ottoman / Thổ Nhĩ Kỳ,Ottoman / Thổ Nhĩ Kỳ
Croatia,Croatia
Balkans,Balkans
Provisional Government,Chính phủ Lâm thời
Provisional Army,Tập đoàn quân Lâm thời
Charge of the Light Brigade,Cuộc tấn công của Luữ đoàn Nhẹ (Charge of the Light Brigade)
S-mine,Mìn S-mine
MG-34,MG-34
Belgrade,Belgrade
Great War,Đại chiến (Thế chiến I)
Elsass-Lothringen,Elsass-Lothringen (Alsace-Lorraine)
Indochina,Đông Dương (Indochina)
Emperor Meiji,Thiên hoàng Minh Trị (Meiji)
Emperor Taisho / Yoshihito,Thiên hoàng Đại Chính (Taisho) / Yoshihito
Allied Powers,Phe Đồng Minh (Allied Powers)
Imperial Powers,Phe Đế Quốc
Luxembourg,Luxembourg
Grand Duchy of Luxembourg,Đại Công quốc Luxembourg
Kingdom of Belgium,Vương quốc Bỉ
Schlieffen Plan,Kế hoạch Schlieffen
Carolingian Empire,Đế chế Caroling
Alsace-Lorraine,Alsace-Lorraine
Nhật Bản,Nhật Bản
Bỉ,Bỉ
Châu Á,Châu Á
Đại chiến,Đại chiến
General der Infanterie,Thượng tướng Bộ binh (General der Infanterie)
Major-General,Thiếu tướng (Major-General)
Paul Emil von Lettow-Vorbeck,Paul Emil von Lettow-Vorbeck
Arthur Reginald Hoskins,Arthur Reginald Hoskins
Schutztruppe,Lực lượng Bảo vệ Thuộc địa (Schutztruppe)
Lion of Africa,Mãnh sư Châu Phi (Lion of Africa)
East African Campaign,Chiến dịch Đông Phi
G-43,G-43
Quinine,Quinine
Second Boer War,Cuộc chiến Boer lần thứ hai
Châu Phi,Châu Phi
Đông Phi thuộc Đức,Đông Phi thuộc Đức
Châu Âu,Châu Âu
Yerevan,Yerevan
Mikhail Alekseyev,Mikhail Alekseyev
Red Scourge,Tai ương Đỏ (Red Scourge)
Young Turks,Đảng Người Thổ Nhĩ Kỳ Trẻ (Young Turks)
Caucasus Campaign,Chiến dịch Kavkaz (Caucasus Campaign)
Iron Division,Sư đoàn Thép (Iron Division)
Field Marshal,Thống chế (Field Marshal)
NATO,NATO
Tsar,Sa hoàng (Tsar)
Hague Conventions,Công ước La Hay (Hague Conventions)
Geneva Conventions,Công ước Genève (Geneva Conventions)
Ottoman Armenia,Armenia thuộc Ottoman
Ottoman Caliphate,Đế chế Hồi giáo Ottoman
Ottoman Empire,Đế chế Ottoman
Russian Empire,Đế quốc Nga
Soviet Union,Liên Xô
Red Army,Hồng quân
German Reich,Đế chế Đức
Austro-Hungary,Áo-Hưng
Thổ Nhĩ Kỳ,Thổ Nhĩ Kỳ
Armenia,Armenia
Caucasus,Kavkaz
Victoria-Louise,Victoria-Louise
Hedwig,Hedwig
Olga,Olga
Austrian Emperor,Hoàng đế Áo (Austrian Emperor)
Duke of Brunswick,Công tước xứ Brunswick (Duke of Brunswick)
House of Hohenzollern,Gia tộc Hohenzollern (House of Hohenzollern)
Archduchess,Nữ Đại Công tước (Archduchess)
Serbian Provisional Army,Tập đoàn quân Lâm thời Serbia
Iron Cross First Class,Huân chương Thập tự Sắt Hạng Nhất (Iron Cross First Class)
Berlin,Berlin
Áo,Áo
King Albert I,Quốc vương Albert I (King Albert I)
Marie-Adélaïde,Marie-Adélaïde
Grand Duchess,Nữ Đại Công tước (Grand Duchess)
Grand Duke,Đại Công tước (Grand Duke)
Général de brigade,Chuẩn tướng (Général de brigade)
Général de division,Thiếu tướng (Général de division)
Wolf of Prussia,Sói xứ Phổ (Wolf of Prussia)
Port Arthur,Lữ Thuận (Port Arthur)
House of Luxembourg,Gia tộc Luxembourg (House of Luxembourg)
Luxembourg Palace,Cung điện Luxembourg (Luxembourg Palace)
Madagascar,Madagascar
Siberia,Siberia
Spahpanzer,Xe bọc thép Spahpanzer (Spahpanzer)
Kübelwagen,Xe Kübelwagen (Kübelwagen)
Generalleutnant,Trung tướng (Generalleutnant)
Volkswagen,Tập đoàn Volkswagen (Volkswagen)
General Staff,Bộ Tổng Tham mưu (General Staff)
Werwolf Brigade,Lữ đoàn Werwolf (Werwolf Brigade)
Kaiser / Wilhelm II,Hoàng đế / Wilhelm II
von Mackensen,von Mackensen
Ludendorff,Ludendorff
Habsburg Empire,Đế chế Habsburg
Christoph,Christoph
von Zehntner,von Zehntner
Napoléon,Napoléon
Franz Joseph,Franz Joseph
Archduke of Austria,Đại Công tước nước Áo (Archduke of Austria)
Azrael,Azrael
Sisters of Fate,Các Nữ thần Định mệnh (Sisters of Fate)
Pervatin,Pervatin
Mỹ,Mỹ
Balkan,Balkan
Vienna,Viên (Vienna)
Olympic Games / Olympics,Thế vận hội Olympic
Bundeswehr,Quân đội Liên bang Đức (Bundeswehr)
Global War on Terror,Cuộc chiến chống Khủng bố Toàn cầu
Prussian,Phổ
Fatherland,Phụ quốc
Freestyle wrestling,Đô vật tự do
Greco-Roman,Vật Cổ điển (Greco-Roman)
Catch-as-Catch-Can wrestling,Đô vật Catch-as-Catch-Can
Brazilian Jiu-Jitsu,Nhu thuật Brazil (Brazilian Jiu-Jitsu)
Muay Thai,Muay Thai
Kickboxing,Kickboxing
K-1,Giải K-1
Glory-style,Phong cách Glory
Đông Nam Á,Đông Nam Á
Central Powers,Phe Liên minh Trung tâm (Central Powers)
Imperialism,Chủ nghĩa Đế quốc
House of Romanov,Gia tộc Romanov (House of Romanov)
Winter Palace,Cung điện Mùa Đông (Winter Palace)
Kaiser / Wilhelm,Hoàng đế / Wilhelm
Tsar / Nicholas,Sa hoàng / Nicholas
Ypres,Ypres
Flanders,Flanders
Raj,Ấn Độ thuộc Anh (British Raj)
Ireland,Ireland
Thái Bình Dương,Thái Bình Dương
An-pơ,Alpes (Alps)
Paris,Paris
Bắc Hải,Biển Bắc (North Sea)
Baltic,Biển Baltic (Baltic)
Địa Trung Hải,Địa Trung Hải
House von Zehntner,Gia tộc von Zehntner
Continental Axis,Trục Lục địa (Continental Axis)
Military High Command,Bộ Tư lệnh Tối cao (Military High Command)
Heer,Lục quân (Heer)
Luftstreitkräfte,Không quân (Luftstreitkräfte)
Marinekorps,Quân đoàn Thủy quân Lục chiến (Marinekorps)
Fallschirmjäger,Lực lượng Dù (Fallschirmjäger)
Krupp,Tập đoàn Krupp (Krupp)
Rheinmetall,Tập đoàn Rheinmetall (Rheinmetall)
Mauser,Hãng Mauser (Mauser)
Messerschmitt,Hãng Messerschmitt (Messerschmitt)
Peenemünde,Căn cứ Peenemünde (Peenemünde)
E-series,Dòng xe tăng E-series
STG-44,Súng trường STG-44
Wolfsangel,Biểu tượng Wolfsangel
Âu-Á,Châu Á - Âu (Eurasia)
Bohemia,Bohemia (xứ Bohemia)
Mạc Tư Khoa,Mạc Tư Khoa (Moscow)
Constantinopolis / Istanbul,Istanbul
Tiểu Á / Anatolia,Anatolia
Mỹ / Hoa Kỳ,Mỹ
Bắc Mỹ,Bắc Mỹ
Tây Âu / Phương Tây,Phương Tây
Potsdam Youth Academy,Học viện Thiếu niên Potsdam
Saint Maurice,Thánh Maurice
Iron Cross,Huân chương Chữ thập Sắt (Iron Cross)
Clausewitz,Clausewitz
Frederick the Great,Frederick Đại đế (Frederick the Great)
Germania,Nữ thần Germania
Bruno von Zehntner / Bruno,Bruno von Zehntner / Bruno
Potsdam,Potsdam
Königsberg,Königsberg
Konrad Albrecht / Konrad,Konrad Albrecht / Konrad
Generalleutnant / Heinrich von Koch,Trung tướng (Generalleutnant) / Heinrich von Koch
Hohenzollerns,Gia tộc Hohenzollern
Romanovs,Gia tộc Romanov
Habsburgs,Gia tộc Habsburg
Erwin von Zehntner / Erwin,Erwin von Zehntner / Erwin
Waterloo,Waterloo
Kingdom of Prussia,Vương quốc Phổ
Erwin / Erwin von Zehntner,Erwin / Erwin von Zehntner
Heinrich / Generalleutnant Heinrich von Koch,Heinrich / Trung tướng Heinrich von Koch
House von Koch,Gia tộc von Koch
8th Army,Tập đoàn quân số 8
Russia / Berlin,Nga / Berlin
Marxist,Chủ nghĩa Mác (Marxist)
Eva von Zehntner / Eva,Eva von Zehntner / Eva
Prince Wilhelm / Wilhelm,Hoàng tử Wilhelm / Wilhelm
House of Zehntner,Gia tộc von Zehntner
Austria / Archduchy of Austria,Áo / Đại Công quốc Áo
Hungary / Russia,Hung-ga-ri / Nga
Prussia / Prussian Royal House,Phổ / Hoàng gia Phổ
Grand Duchess of Luxembourg,Đại Công nữ Luxembourg
Alya / Erwin,Alya / Erwin
Elsa,Elsa
Nicholas,Nicholas
Chronos,Thần thời gian Chronos
Angel of Berlin,Thiên thần Berlin (Angel of Berlin)
Nicholas / Tsar,Nicholas / Nga hoàng
Prince Alexei / Alexei / Tsarevich,Hoàng tử Alexei / Alexei / Thái tử
Olga Nikolaevna / Olga,Olga Nikolaevna / Olga
Grand Duchess of Russia / Grand Duchess,Đại Công nữ nước Nga / Đại Công nữ
Princess Victoria Louise of Prussia,Công chúa Victoria Louise xứ Phổ
Archduchess Hedwig of Austria,Đại Công nữ Hedwig xứ Áo
Princess Sakura of Japan,Công chúa Sakura của Nhật Bản
Fabrique National (FN),Fabrique Nationale (FN)
German Steel,Thép Đức (German Steel)
German Luftstreitkräfte,Không quân Đế chế Đức (Luftstreitkräfte)
Russian Air Corps,Quân đoàn Không quân Nga
Erwin Rommel,Erwin Rommel
Palace of Versailles,Cung điện Versailles
French Republic,Cộng hòa Pháp
MG-01/03,Súng máy MG-01/03
Adrian helmet,Mũ cối Adrian (Adrian helmet)
House of de Gaulle,Gia tộc de Gaulle
Charles de Gaulle,Charles de Gaulle
Gallian Militia,Dân quân Gallia (Gallian Militia)
Lands of Saint Stephen,Vùng đất của Thánh Stephen
Hungary,Hung-ga-ri
Dual Monarchy,Đế quốc Song kiến (Dual Monarchy)
Grand Principality of Transylvania / Transylvania,Đại Công quốc Transylvania / Transylvania
Habsburg / Habsburgs,Nhà Habsburg / Gia tộc Habsburg
Alps,Dãy Alps
Greater Tyrol,Vùng Đại Tyrol
Vorarlberg,Vorarlberg
Liechtenstein,Liechtenstein
Grand Principality of Tyrol,Đại Công quốc Tyrol
German monarchy,Nền quân chủ Đức
Austro-Hungarian Empire,Đế quốc Áo-Hùng
Lucifer,Lucifer
Hofburg Palace / Hofburg,Cung điện Hofburg / Hofburg
Kaisers / Kaisers of Germany,Các Hoàng đế / Các Hoàng đế Đức
Nicholas II,Nicholas II
Order of Saint Stephen,Huân chương Thánh Stephen
Emperor Franz Joseph / Franz Joseph,Hoàng đế Franz Joseph / Franz Joseph
Archduke of Austria / Archduke,Đại Công tước nước Áo / Đại Công tước
Faustian bargain,Giao kèo với Quỷ dữ (Faustian bargain)
Cisleithania,Cisleithania
Dalmatia,Dalmatia
Galicia and Lodomeria,Galicia và Lodomeria
Greater German Reich / Reich,Đế chế Đại Đức / Đế chế
House von Zehntner-Tirol,Gia tộc von Zehntner-Tirol
Transylvania,Transylvania
Grand Princes of Tyrol,Các Đại Công tước vùng Tyrol
Tyrol,Tyrol
Linz,Linz
Graz,Graz
Archduchy of Austria,Đại Công quốc Áo
Wolf of Tyrol,Con Sói xứ Tyrol
Prussia,Phổ
noblesse oblige,Tinh thần trách nhiệm của giới quý tộc (noblesse oblige)
Nikola Tesla / Tesla,Nikola Tesla / Tesla
Wardenclyffe Tower,Tháp Wardenclyffe (Wardenclyffe Tower)
Tyrolean alps,Dãy Alps xứ Tyrol
Prometheus,Prometheus
Innsbruck,Innsbruck
District VI – Education and Civic Development,Quận VI – Giáo dục và Phát triển Công dân
Wagner,Wagner
German Army's Corps of Engineers,Binh chủng Kỹ công Quân đội Đức
United States / U.S. / America / USA,Hợp chủng quốc Hoa Kỳ / Hoa Kỳ / Mỹ
New York,New York
Woodrow Wilson,Woodrow Wilson
Latin America,Mỹ La-tinh
Caribbean,Vùng Ca-ri-bê
Mexico,Mê-hi-cô
Mexican-American war,Chiến tranh Mê-hi-cô - Mỹ
Great White Fleet,Hạm đội Trắng Vĩ đại (Great White Fleet)
Monroe Doctrine,Học thuyết Monroe
Chicago,Chicago
France,Pháp
Ernst Röhm / Röhm,Ernst Röhm / Röhm
Grand Duchess / Marie,Đại Công nữ / Marie
Mittelafrikan colonies,Các thuộc địa Trung Phi (Mittelafrika)
E-25 Panzer II,Xe tăng E-25 Panzer II
Sturmgewehr / STG-44,Súng trường tiến công Sturmgewehr / STG-44
M38-pattern Stahlhelm,Mũ sắt Stahlhelm mẫu M38
ALICE system,Hệ thống ALICE
Rhodesian Fereday & Sons,Thiết kế Fereday & Sons của Rhodesia
BDC reticle,Kính ngắm có vạch chia cự ly BDC
ZF-4-style optic,Kính ngắm kiểu ZF-4
Helmand,Helmand
Afghanistan,A-phú-hãn (Afghanistan)
Kampfschwimmer,Biệt kích hải quân (Kampfschwimmer)
Tier-1,Đơn vị đặc nhiệm Tier-1
French,Pháp
Republic,Nền Cộng hòa
RKG-6-style anti-tank grenades,Lựu đạn chống tăng kiểu RKG-6
Lebel rifle,Súng trường Lebel
Maximilian,Maximilian
Paul,Paul
Father,Cha
Hamburg,Hamburg
Eastern World / Orient,Thế giới Phương Đông / Phương Đông
Empire of Japan / Japan,Đế quốc Nhật Bản / Nhật Bản
Order of the Rising Sun,Huân chương Mặt trời mọc (Order of the Rising Sun)
BSA GPMG prototype,Mẫu thử nghiệm BSA GPMG
Type 96,Kiểu 96 (Type 96)
Type 100 submachine gun,Súng tiểu liên Kiểu 100 (Type 100)
Type 14 Nambu pistol,Súng ngắn Nambu Kiểu 14 (Type 14 Nambu)
Type 95 Nambu pistol,Súng ngắn Nambu Kiểu 95 (Type 95 Nambu)
Emperor Meiji / Meiji,Thiên hoàng Minh Trị / Minh Trị
Lord Bruno von Zehntner,Lãnh chúa Bruno von Zehntner
Generaloberst,Đại tướng (Generaloberst)
German Army,Quân đội Đức
Prince Zehntner,Hoàng tử Zehntner
Princess Sakura,Công nữ Sakura
Land of the Rising Sun,Đất nước Mặt trời mọc
Orient,Phương Đông
Grand Duchess Olga Nikolaevna,Đại Công nữ Olga Nikolaevna
Russia,Nga
Archduchess Hedwig,Nữ Đại Công nữ Hedwig
Princess Victoria-Louise,Công nữ Victoria-Louise
British,Anh
West,Phương Tây
Sakura / Princess Sakura,Sakura / Công nữ Sakura
Austro-Hungarian Empire,Đế quốc Áo - Hùng
Empire of Japan / Japanese,Đế quốc Nhật Bản / Nhật Bản
Imperial Japanese Army,Lục quân Đế quốc Nhật Bản
Eastern World,Thế giới Phương Đông
Western Front,Mặt trận Phía Tây
British Raj,Đế quốc Ấn Độ thuộc Anh (British Raj)
Schlieffen plan,Kế hoạch Schlieffen
Marne,Sông Marne
Europe,Châu Âu
Japan,Nhật Bản
Josef,Josef
Gewehr 05,Súng trường Gewehr 05
Gewehr 43,Súng trường Gewehr 43
MG-05 (MG-34),Súng máy đa dụng MG-05 (MG-34)
MP-05 (MP-34),Súng tiểu liên MP-05 (MP-34)
Second World War,Thế chiến thứ hai
He-51,Máy bay He-51
Anglo-French,Anh - Pháp
Italy,Ý
Romania,Romania
Danzig,Danzig
Rangekeeper,Thiết bị tính tầm bắn (Rangekeeper)
Battle of Jutland,Trận Jutland
Henning von Holtzendorff / Admiral Henning von Holtzendorff,Đô đốc Henning von Holtzendorff
Enigma,Máy Enigma
Type XXI U-Boats / U-Boats,Tàu ngầm U-Boat Loại XXI / U-Boat
Enigma / Enigma Machine,Máy Enigma / Mật mã Enigma
Third Reich,Đế chế thứ Ba
Polish,Người Ba Lan
French Intelligence Services,Cơ quan Tình báo Pháp
Alan Turing,Alan Turing
Allies,Phe Đồng Minh
Entente,Khối Hiệp ước
Dragutin Dimitrijević / Apis,Dragutin Dimitrijević / "Apis"
Friedrich,Friedrich
Maria,Maria
Apis,Apis
Libya,Libya
Young Turk,Phong trào Trẻ Thổ Nhĩ Kỳ (Young Turk)
Balkan League,Liên minh Balkan
First Balkan War,Chiến tranh Balkan Lần thứ nhất
Second Balkan War,Chiến tranh Balkan Lần thứ hai
Otto von Bismarck,Otto von Bismarck
Italy / Italian,Ý / người Ý
Holy Roman Empire,Đế chế La Mã Thần thánh
Western Roman Empire,Đế chế Tây La Mã
Austro-Hungarian / Austro-Hungarians,Áo - Hung
Caporetto,Caporetto
Great Britain,Anh Quốc
Venice,Venice
Giovanni Colombo / Colonel Giovanni Colombo,Đại tá Giovanni Colombo
Shar al-Shatt,Shar al-Shatt
Fiat Arsenale,Xe bọc thép Fiat Arsenale
Ottoman / Ottomans / Ottoman Empire,người Ottoman / Đế chế Ottoman
Royal Italian Army,Lục quân Hoàng gia Ý
Generale Caneva / General Caneva,Tướng Caneva
Arab,người Ả Rập
Ottoman,Ottoman
Boxer Rebellion,Phong trào Nghĩa Hòa Đoàn
Russo-Japanese War,Chiến tranh Nga - Nhật
Russian Civil War,Nội chiến Nga
Russian Revolution of 1905,Cách mạng Nga năm 1905
Germany,Đức
Freida,Freida
General Caneva / Caneva,Tướng Caneva
Rome,La Mã
Marxism,Chủ nghĩa Mác
Weimar Republic,Cộng hòa Weimar
Nazi Party,Đảng Quốc xã
America First Committee,Ủy ban Nước Mỹ trên hết
William Howard Taft / Taft,William Howard Taft / Taft
Theodore Roosevelt / Teddy Roosevelt,Theodore Roosevelt / Teddy Roosevelt
Eugene V. Debs,Eugene V. Debs
District of Columbia,Đặc khu Columbia
Zhukov,Zhukov
Wehrmacht,Wehrmacht
Stavka,Stavka (Bộ tổng tư lệnh quân đội Nga)
Mikhail Alekseyev / Mikhail,Mikhail Alekseyev / Mikhail
Union of Imperial Powers,Liên minh các Cường quốc Đế quốc
Svetozar Boroević / Svetozar,Svetozar Boroević / Svetozar
Germany / German,Đức / người Đức
Britain,Anh
Atlantic,Đại Tây Dương
Russia / Russian,Nga / người Nga / thuộc Nga
Orthodox Church,Chính thống giáo
Maxim Machine Gun,Súng máy Maxim
Mosin Nagant 1891,Súng trường Mosin Nagant 1891
7.92x57mm Mauser / 7.92x57,Đạn Mauser 7.92x57mm / đạn 7.92x57
Four-Nation Military Alliance,Liên minh Quân sự Bốn Nước
9x19mm Luger / 9x19,Đạn Luger 9x19mm / đạn 9x19
Steyr M1912,Steyr M1912
9x23 Steyr,Đạn Steyr 9x23
Steyr-Mannlicher M1895,Súng trường Steyr-Mannlicher M1895
1871,Năm 1871
Manfred von Richthofen,Manfred von Richthofen (Nam tước Đỏ) / Nam tước Đỏ
Hermann von der Lieth-Thomsen,Hermann von der Lieth-Thomsen
Reichsverteidigung,Phòng thủ Đế quốc (Reichsverteidigung)
Junkers,Quý tộc địa chủ Phổ (Junkers)
Doppelbock,Bia Doppelbock
Puteaux Model 1905,Súng máy Puteaux Model 1905
Hotchkiss,Súng máy Hotchkiss
Tôn Tử (Sun Tzu),Sun Tzu
Binh pháp Tôn Tử (The Art of War),Binh pháp Tôn Tử
Type XXI U-Boat,Tàu ngầm Type XXI
Zerstörer 1911,Lớp tàu khu trục Zerstörer 1911
Constantinople,Constantinople
Mehmed,Mehmed
Sultan Mehmed V,Quốc vương Mehmed V
Chi Rho,Biểu tượng Chi Rho
Mauser C96,Súng carbine tự động Mauser C96 / Súng ngắn Mauser C96
von Zehntner Waffenwerke,Công ty vũ khí von Zehntner Waffenwerke
Young Turk Revolution,Cuộc cách mạng Thanh niên Thổ
Mehmed VI,Quốc vương Mehmed VI
Progressive Party,Đảng Cấp tiến / Đảng Tiến bộ
FDA,Cục Quản lý Thực phẩm và Dược phẩm Hoa Kỳ (FDA)
Kingdom of Bavaria,Vương quốc Bavaria
von Wittelsbach,Dòng họ von Wittelsbach
Luitpold von Wittelsbach,Nhiếp chính vương Luitpold von Wittelsbach
Otto I,Vua Otto I
Munich,Munich
Order of Saint Elizabeth,Huân chương Thánh Elizabeth
Luitpold,Luitpold
GeneralOberst,Đại tướng (Generaloberst)
Heinrich Koch,Đại tá Heinrich Koch
Maximillian,Maximillian
Franz,Franz
Kentucky Bourbon,Rượu Bourbon Kentucky
Bundesrat,Hội đồng Liên bang Đức
Reichstag,Nghị viện Đức (Hạ viện)
Pour Le Merite,Huân chương Pour le Mérite
House Order of Hohenzollern,Huân chương Hoàng gia Hohenzollern
Theobald von Bethmann Hollweg,Theobald von Bethmann Hollweg
Wolf of Prussia,Sói Xám Phổ
Ernst August,Ernst August
Brunswick,Brunswick
Ludwig,Ludwig
German 8th Army,Tập đoàn quân số 8 Đức
Land Army and Fortresses Committee,Ủy ban Lục quân và Pháo đài
Frederick William III,Vua Frederick William III
Napoleon,Napoleon
Ingria,Ingria
Volga,Volga
First Battle of the Marne,Trận sông Marne lần thứ nhất
Franco-Prussian War,Chiến tranh Pháp-Phổ
Chauchat,Súng máy Chauchat
Lewis Gun,Súng máy Lewis
MG-08/15,Súng máy MG-08/15
Penicillin,Penicillin
Tannenberg,Trận Tannenberg
Masurian Lakes,Trận Hồ Masuria
Thrace,Thrace
Franz Joseph I,Hoàng đế Franz Joseph I
Young Bosnia,Thanh niên Bosnia
Gavrilo Princip,Gavrilo Princip
Yugoslav,Nam Tư
FN Model 1910,Súng ngắn FN Model 1910
.380 ACP,Cỡ đạn .380 ACP
Oskar Potiorek,Oskar Potiorek
"Sophie, Duchess of Hohenberg",Sophie; Nữ công tước xứ Hohenberg
Sophie,Sophie
Minenräumwagen,Xe dò mìn (Minenräumwagen)
Panzer,Xe tăng Panzer
E-10,Thiết kế xe tăng E-10
Bosnia,Bosnia
Montenegro,Montenegro
Albania,Albania
Hy Lạp,Hy Lạp
Raphael,Raphael
Great Powers,Các Cường quốc
6.5x50mmSR Arisaka,Đạn Arisaka 6.5x50mmSR
Sturmgewehr 44,Súng trường tiến công Sturmgewehr 44
Steyr-Mannlicher M95,Súng trường Steyr-Mannlicher M95
Royal Navy,Hải quân Hoàng gia Anh
North Sea,Biển Bắc
James S. Sherman,James S. Sherman
Roger Sherman,Roger Sherman
William Tecumseh Sherman,William Tecumseh Sherman
Kingdom of Siam / Siam,Vương quốc Siam / Siam (Thái Lan)
Thailand,Thái Lan
Rama VI,Vua Rama VI
Southeast Asia,Đông Nam Á
UK,Anh
Grand Duchy,Đại Công quốc
Nieuport 10,Máy bay Nieuport 10
Flak guns / Flak,Pháo phòng không Flak
8x50mmR Lebel,Đạn Lebel 8x50mmR
Maxim,Súng máy Maxim
MG 17,Súng máy MG 17
Red Baron,Nam tước Đỏ (Red Baron)
Greece,Hy Lạp
Balkan Wars,Các cuộc chiến tranh Balkan
Bulgaria,Bulgaria
Aegean islands,Quần đảo Aegean
Axis Powers,Phe Trục
Hellenic Army,Lục quân Hy Lạp
Kaiserin Augusta Viktoria,Hoàng hậu Augusta Viktoria
Order of Louise,Huân chương Louise
Hellenic Navy,Hải quân Hy Lạp
k.u.k. Kriegsmarine / Austro-Hungarian Navy,Hải quân Áo-Hưng
Bosphorus strait,Eo biển Bosphorus
Russian Baltic fleet,Hạm đội Baltic của Nga
British Royal Navy,Hải quân Hoàng gia Anh
Holy Roman Emperors,Hoàng đế La Mã Thần thánh
Austrian Littoral,Vùng duyên hải Áo
Adriatic Sea,Biển Adriatic
Mediterranean / Mediterranean Sea,Địa Trung Hải / Biển Địa Trung Hải
German Kaiserliche Marine,Hải quân Đế chế Đức
Epirus,Epirus
Macedon,Macedon
Ionia,Ionia
Crete,Crete
Cyprus,Cyprus
M1916 Stahlhelm / Stahlhelm,Mũ sắt M1916 Stahlhelm / Mũ Stahlhelm
Kingdom of Bulgaria / Bulgaria,Vương quốc Bulgaria / Bulgaria
French Adrian Helmet / Adrian Helmet,Mũ sắt Adrian của Pháp / Mũ Adrian
Mk I Helmet / Brodie Helmet / Tommy Helmet / doughboy helmet,Mũ sắt Mk I / Mũ Brodie / Mũ Tommy / Mũ doughboy
German Freikorps,Lực lượng Tình nguyện Đức (Freikorps)
feldgrau,Màu xám thực địa (feldgrau)
2nd Army,Tập đoàn quân số 2
11th Army,Tập đoàn quân số 11
Augusta Victoria of Schleswig-Holstein / Kaiserin,Hoàng hậu Augusta Victoria / Hoàng hậu (Kaiserin)
Belgium,Bỉ
French Indochina,Đông Dương thuộc Pháp
Type 45 Machine guns,Súng máy Kiểu 45 (Type 45)
Somme,Somme
King of Greece,Vua Hy Lạp
Niš,Niš
King Peter I of Serbia / King Peter I,Vua Peter I của Serbia
Massacre of Belgrade,Vụ thảm sát Belgrade
Athens,Athens
ISAF,Lực lượng Hỗ trợ An ninh Quốc tế (ISAF)
Taliban,Taliban
English Channel,Ê-gơ (English Channel)
July Crisis,Khủng hoảng tháng Bảy
British Special Air Service,Trung đoàn Không quân Đặc biệt Anh (SAS)
Spähpanzer / Spähpanzer Ausf. A / Ausf. B,Xe trinh sát bọc thép (Spähpanzer)
E-10 chassis / E-10 Standardpanzer / Panzer 1,Khung gầm E-10 / Panzer 1
Mauser MG-34,Súng máy Mauser MG-34
Baghdad / Operation Desert Storm,Baghdad / Chiến dịch Bão táp Sa mạc
Emperor Constantine XI / Leonidas,Hoàng đế Constantine XI / Leonidas
Persians,người Ba Tư
Hades,Địa ngục (Hades)
Saint Constantine,Thánh Constantine
Turks / Turkish Menace,người Thổ Nhĩ Kỳ / mối họa Thổ Nhĩ Kỳ
Christendom,thế giới Thiên Chúa giáo
Grand Cross of the Pour Le Merite with Oakleaves / Pour Le Merite,Đại thập tự Huân chương Pour Le Merite gắn lá sồi / Pour Le Merite
Knight's Cross with Swords of the Royal House Order of Hohenzollern,Thập tự Hiệp sĩ kèm Kiếm của Huân chương Hoàng gia Nhà Hohenzollern
Grand Cross of the Iron Cross,Đại thập tự Thập tự Sắt
Lieutenant Colonels,Trung tá
Alexander the Great,Alexander Đại đế
Macedonian,Macedonia
King Constantine I of Greece,Vua Constantine I của Hy Lạp
China Medal,Huân chương Trung Hoa
Hungarian Crown,Vương miện Hungary
Yugoslavia,Nam Tư
Young Bosnians,Thanh niên Bosnia
Treaty of Trianon,Hiệp ước Trianon
Luxembourgish,người/tiếng Luxembourg
Royal Belgian Army,Lục quân Hoàng gia Bỉ
Asia,châu Á
WWI,Thế chiến thứ nhất
Totenkopf,Phù hiệu Đầu lâu (Totenkopf)
Black Sea Fleet,Hạm đội Biển Đen
Bosphorus / Dardanelles,Eo biển Bosphorus / Eo biển Dardanelles
Gallipoli / Gallipoli peninsula,Gallipoli / Bán đảo Gallipoli
Balkan Campaign,Chiến dịch Balkans
Eastern Mediterranean,Đông Địa Trung Hải
Baltic Sea,Biển Baltic
Naval Infantry / Marines,Lính thủy đánh bộ
Panzers,Xe tăng Panzer
LCM-8,Tàu đổ bộ LCM-8
United States Marine Corps,Thủy quân lục chiến Hoa Kỳ
Bavarian Order of Saint Elizabeth,Huân chương Thánh Elizabeth bang Bavaria
Bosnia and Herzegovina,Bosnia và Herzegovina
Kosovo,Kosovo
Muslims,người theo đạo Hồi
Bosniak,người Bosnia
Islamic,Hồi giáo
Eastern Thrace,Đông Thrace
Bosnian-Serb,người Serb gốc Bosnia
Christ,Chúa Jesus / Chúa
Francis I,Francis I
Sektion III b,Cục III b (Cục Tình báo quân sự Phổ/Đức)
Islam,Hồi giáo
Americans,Người Mỹ
Allah,Allah (Thượng đế trong Hồi giáo)
Panzer I,xe tăng Panzer I
Interwar Period,Thời kỳ giữa hai cuộc chiến tranh
WW2,Thế chiến thứ Hai
North Africa,Bắc Phi
Lawrence of Arabia,Lawrence xứ Arabia
Arabia,bán đảo Arabia
Sherif Feisal,Tướng Feisal (Sherif Feisal)
Kurt,Kurt
Italo-Turkish war,Chiến tranh Ý - Thổ Nhĩ Kỳ
Italian Peninsula,Bán đảo Ý
Versailles,Versailles
Joseph Jacques Césaire Joffre,Tướng Joseph Jacques Césaire Joffre
Spring of 1916,Mùa xuân năm 1916
Crown,Hoàng gia Anh
Faisal I / Faisal I bin al-Hussein bin Ali al-Hashemi,Faisal I / Faisal I bin al-Hussein bin Ali al-Hashemi
Mecca,Mecca
Islamic World,Thế giới Hồi giáo
Special Military Operation,Chiến dịch Quân sự Đặc biệt
Wilhelm Friedrich Heinrich,Thân vương Wilhelm Friedrich Heinrich
Benevolent Dictator,Nhà độc tài nhân từ
House of Wittelsbach,vương tộc Wittelsbach
British Egypt,Ai Cập thuộc Anh
Turkish Caliphate,Vương triều Hồi giáo Thổ Nhĩ Kỳ
Arabian Peninsula,Bán đảo Arabia
Albanian Republic,nước Cộng hòa Albania
Wolfgang,Wolfgang
Kapitänleutnant,Đại úy Hải quân (Kapitänleutnant)
Kamerun,Kamerun (thuộc địa Đức ở châu Phi)
Dodecanese Islands,Quần đảo Dodecanese
Christian,Cơ đốc giáo
European,người châu Âu
Albanian,người Albania
Ottoman Turks,người Thổ Nhĩ Kỳ Ottoman
Hohenzollern,vương tộc Hohenzollern
Habsburg,vương tộc Habsburg
Romanov,vương tộc Romanov
Ottoman Thrace,Thrace thuộc Ottoman